{
  "text": " Behind me is 5 Million Gold and 1000 contestants are fighting for. These games is officially the biggest competition show in history. I gave away a Lamborghini, a private island and over 10 million dollars on top of the Grand Prize. This is the most intense, emotional and wild show you will ever see. These games drops on December 19th on Amazon Prime Video. I promise you will love this show.",
  "segments": [
    {
      "id": 0,
      "seek": 0,
      "start": 0.0,
      "end": 5.08,
      "text": " Behind me is 5 Million Gold and 1000 contestants are fighting for.",
      "tokens": [
        50364,
        20475,
        385,
        307,
        1025,
        33959,
        6731,
        293,
        9714,
        39676,
        366,
        5237,
        337,
        13,
        50618
      ],
      "temperature": 0.0,
      "avg_logprob": -0.32561931204288563,
      "compression_ratio": 1.5450980392156863,
      "no_speech_prob": 0.07716145366430283
    },
    {
      "id": 1,
      "seek": 0,
      "start": 5.08,
      "end": 8.6,
      "text": " These games is officially the biggest competition show in history.",
      "tokens": [
        50618,
        1981,
        2813,
        307,
        12053,
        264,
        3880,
        6211,
        855,
        294,
        2503,
        13,
        50794
      ],
      "temperature": 0.0,
      "avg_logprob": -0.32561931204288563,
      "compression_ratio": 1.5450980392156863,
      "no_speech_prob": 0.07716145366430283
    },
    {
      "id": 2,
      "seek": 0,
      "start": 8.6,
      "end": 14.48,
      "text": " I gave away a Lamborghini, a private island and over 10 million dollars on top of the Grand Prize.",
      "tokens": [
        50794,
        286,
        2729,
        1314,
        257,
        48389,
        45600,
        11,
        257,
        4551,
        6077,
        293,
        670,
        1266,
        2459,
        3808,
        322,
        1192,
        295,
        264,
        6757,
        22604,
        13,
        51088
      ],
      "temperature": 0.0,
      "avg_logprob": -0.32561931204288563,
      "compression_ratio": 1.5450980392156863,
      "no_speech_prob": 0.07716145366430283
    },
    {
      "id": 3,
      "seek": 0,
      "start": 14.48,
      "end": 19.0,
      "text": " This is the most intense, emotional and wild show you will ever see.",
      "tokens": [
        51088,
        639,
        307,
        264,
        881,
        9447,
        11,
        6863,
        293,
        4868,
        855,
        291,
        486,
        1562,
        536,
        13,
        51314
      ],
      "temperature": 0.0,
      "avg_logprob": -0.32561931204288563,
      "compression_ratio": 1.5450980392156863,
      "no_speech_prob": 0.07716145366430283
    },
    {
      "id": 4,
      "seek": 0,
      "start": 19.0,
      "end": 22.28,
      "text": " These games drops on December 19th on Amazon Prime Video.",
      "tokens": [
        51314,
        1981,
        2813,
        11438,
        322,
        7687,
        1294,
        392,
        322,
        6795,
        9655,
        9777,
        13,
        51478
      ],
      "temperature": 0.0,
      "avg_logprob": -0.32561931204288563,
      "compression_ratio": 1.5450980392156863,
      "no_speech_prob": 0.07716145366430283
    },
    {
      "id": 5,
      "seek": 0,
      "start": 22.28,
      "end": 24.080000000000002,
      "text": " I promise you will love this show.",
      "tokens": [
        51478,
        286,
        6228,
        291,
        486,
        959,
        341,
        855,
        13,
        51568
      ],
      "temperature": 0.0,
      "avg_logprob": -0.32561931204288563,
      "compression_ratio": 1.5450980392156863,
      "no_speech_prob": 0.07716145366430283
    }
  ],
  "language": "en"
}
